error_row,control_row,error_event,control_event,cost,same_problem,reused_control
0,221,47,49,0.10644287967698149,0,0
1,372,27,76,0.1420142101573137,0,0
2,270,61,65,0.0025321464111162017,0,0
3,210,103,127,0.21140437508607438,0,0
4,332,78,141,0.0360069459478398,0,0
5,263,137,79,0.0029625515317541584,0,0
6,276,154,271,0.75572230035753,0,1
7,380,47,17,0.00041439236491448884,0,0
8,223,63,125,0.003361697707398426,0,0
9,215,0,0,0.11527583889460992,0,0
10,379,0,0,0.16619705454784217,0,0
11,269,111,163,0.0023512987422921296,0,0
12,314,33,30,0.11801944235871227,0,0
13,283,58,40,0.04144038673100745,0,0
14,252,150,166,0.20019596016494987,0,0
15,200,62,75,0.04224432371769925,0,0
16,222,214,133,0.20267643519348016,0,0
17,255,0,0,0.0023512987422921296,0,0
18,360,125,109,0.0035128163478289837,0,0
19,201,0,0,0.014122242043006297,0,0
20,312,0,0,0.24877511010249684,0,0
21,209,246,148,0.11762224968062052,0,0
22,374,238,242,0.16095320661318646,0,0
23,324,48,66,0.01614938733214705,0,0
24,330,22,66,0.0008978297780398305,0,0
25,276,160,271,0.047256746759159196,0,0
26,338,0,0,0.0006211481538560061,0,0
27,214,0,0,0.0,0,0
28,383,100,39,0.0002219424822330115,0,0
29,218,47,53,0.0075998314823537225,0,0
30,296,234,178,0.014383440495595009,0,0
31,205,251,299,0.0883643940130459,0,0
32,391,229,130,0.015405914429527181,0,0
33,321,43,65,0.0,0,0
34,386,171,158,0.0,0,0
35,249,258,106,0.01685640501262555,0,0
36,301,179,145,0.0008978297780398305,0,0
37,364,57,34,0.008865494754163875,0,0
38,242,278,178,0.004926866978282909,0,0
39,282,100,68,0.000645037745140602,0,0
40,265,75,24,0.0009395874634733344,0,0
41,279,34,29,0.0010839557627345473,0,0
42,241,209,174,0.022832694957180214,0,0
43,382,41,58,0.0,0,0
44,359,0,0,0.018597267515373044,0,0
45,307,186,141,0.0015843545045621426,0,0
46,299,183,198,0.00423196465720914,0,0
47,227,167,156,0.0038473099638589386,0,0
48,300,131,136,0.004373078347346359,0,0
49,337,64,104,1.159755007964868,0,1
50,388,50,135,0.0006211481538560061,0,0
51,367,184,138,0.12027658269641489,0,0
52,387,115,90,0.012359987038692996,0,0
53,329,155,125,0.002664557250469029,0,0
54,224,0,0,0.08849341572955516,0,0
55,264,0,0,0.0040975735589048375,0,0
56,304,138,116,0.4646072213179585,0,1
57,392,0,0,0.05550249596914087,0,0
58,309,0,0,0.23269695355671371,0,0
59,366,79,93,0.24780299548736823,0,0
60,258,32,84,0.0,0,0
61,363,25,21,0.0058081498181311985,0,0
62,284,16,45,0.010093400342495965,0,0
63,335,89,124,0.009078015170491553,0,0
64,212,115,141,0.000502185290845902,0,0
65,202,168,133,0.009209217152502704,0,0
66,337,287,240,0.009763540509754287,0,0
67,293,90,50,0.001718443741083044,0,0
68,228,141,108,0.003847309963859012,0,0
69,319,32,68,0.0360069459478398,0,0
70,272,0,0,0.00040202267667726363,0,0
71,285,66,180,0.060089985681279566,0,0
72,393,224,249,0.0,0,0
73,233,80,80,0.0,0,0
74,213,107,280,0.0,0,0
75,266,57,54,0.010693830604176922,0,0
76,354,240,100,0.000645037745140602,0,0
77,292,324,115,0.00044090799501498613,0,0
78,334,19,31,0.06828068577963607,0,1
79,365,110,65,0.0019756745177911027,0,0
80,274,142,109,0.00037888879029164264,0,0
81,358,216,105,0.0842729162978622,0,0
82,211,234,190,0.06850786907868138,0,0
83,375,228,145,0.0012987540107617145,0,0
84,244,164,81,0.0066680562357788855,0,0
85,384,0,0,0.20256468815563997,0,0
86,280,74,214,0.07194171419592424,0,0
87,220,77,33,0.0006703325481844929,0,0
88,230,267,219,0.11647532325745853,0,0
89,245,299,181,0.48940780809682033,0,1
90,376,0,0,0.00028129024321352946,0,0
91,235,0,0,0.0028835323587075076,0,0
92,253,221,136,0.002664557250469029,0,0
93,202,167,133,0.3143884855341892,0,1
94,256,113,100,0.0016833688481834618,0,0
95,311,0,0,0.006948968954797118,0,0
96,273,100,28,0.004446297184096963,0,0
97,344,111,79,0.0,0,0
98,259,0,0,0.004677336976227349,0,0
99,351,198,150,0.0003680635830496993,0,0
100,296,118,178,0.3683495290627155,0,1
101,347,118,95,0.001850245744112095,0,0
102,280,74,214,0.12278839005899755,0,1
103,385,109,50,0.0035128163478289837,0,0
104,373,141,161,0.07216892142017999,0,0
105,291,136,101,0.004173570588051061,0,0
106,353,111,31,0.01493844169285134,0,0
107,260,41,28,0.0058081498181311985,0,0
108,320,37,43,0.009763540509754287,0,0
109,216,44,34,0.0826802046795884,0,0
110,251,257,133,0.0008587952720935689,0,0
111,271,82,72,0.022267768831008616,0,0
112,239,88,115,0.15495169180420973,0,0
113,350,195,182,0.01973482357277007,0,0
114,268,84,77,0.0034360110594494828,0,0
115,318,0,0,0.16445761296648154,0,0
116,208,100,105,0.00040202267667726363,0,0
117,378,163,111,0.00846225122847116,0,0
118,315,54,37,0.0013345845094417086,0,0
119,297,36,82,0.014155013735776155,0,0
120,253,292,211,0.18998298886462112,0,1
121,237,196,108,0.11642884709429964,0,0
122,331,0,0,0.0002219424822330115,0,0
123,306,85,77,0.02785033307399994,0,0
124,236,0,0,0.0011689497737952387,0,0
125,261,207,130,0.003313486975216178,0,0
126,275,91,211,0.027466528660016434,0,0
127,204,26,55,0.00045513053013800233,0,0
128,361,48,30,0.0032201258301806134,0,0
129,327,126,99,0.0022680558662559027,0,0
130,302,69,39,0.004130564657175171,0,0
131,246,45,41,0.0007558311195535721,0,0
132,278,104,134,0.01113371645371415,0,0
133,286,46,24,0.0009395874634733344,0,0
134,280,89,214,0.8212931020590386,0,1
135,240,87,42,0.015485957307339435,0,0
136,349,119,160,0.0002885027160142595,0,0
137,238,145,164,0.0,0,0
138,343,115,100,0.08732785762470208,0,0
139,226,166,114,0.023270628367315083,0,0
140,310,85,98,0.19974080380662929,0,0
141,219,52,9,0.003087313111633628,0,0
142,207,46,45,0.0010839557627345866,0,0
143,352,60,64,0.0005377292703214979,0,0
144,313,0,0,0.0,0,0
145,368,64,92,0.0014938263004056309,0,0
146,390,26,36,0.0,0,0
147,248,111,65,0.007096130862405585,0,0
148,267,90,82,0.013459519512233703,0,0
149,253,279,136,0.14437386766257887,0,1
150,357,147,241,0.11583028551231793,0,0
151,234,29,56,0.06024932634055042,0,0
152,253,284,136,0.12687018879995904,0,1
153,322,0,0,0.0029625515317542868,0,0
154,245,178,181,0.1826234542608149,0,0
155,287,206,250,0.0,0,0
156,254,0,0,0.03798991339015987,0,0
157,289,99,85,0.00045513053013800233,0,0
158,203,0,0,0.0,0,0
159,340,99,78,0.0774730174410748,0,0
160,288,142,93,0.000427341866919125,0,0
161,294,55,55,0.059095377905371234,0,0
162,348,59,109,0.0003576957686311564,0,0
163,247,0,0,0.16444233023093396,0,0
164,243,68,145,0.0006211481538560061,0,0
165,356,79,59,0.0009843276593264805,0,0
166,328,0,0,0.0,0,0
167,229,0,0,0.002351298742292187,0,0
168,377,142,78,0.002114304604465244,0,0
169,304,28,65,0.07255443365406988,0,0
170,216,46,93,0.23413403973319932,0,1
171,370,177,91,0.0013345845094417086,0,0
172,277,0,0,0.16494182047287767,0,0
173,339,135,95,0.00044090799501498613,0,0
174,217,0,0,0.0003680635830496993,0,0
175,295,268,211,0.0005195016033343457,0,0
176,257,0,0,0.005196914517135925,0,0
177,345,70,33,0.0022680558662559027,0,0
178,326,50,53,0.0013345845094417516,0,0
179,316,73,67,0.0,0,0
180,225,73,112,0.1298788664016184,0,0
181,369,122,93,0.003969484669686892,0,0
182,325,37,18,0.0007879929579580218,0,0
183,362,189,68,0.0022680558662559027,0,0
184,342,207,183,0.0058081498181311985,0,0
185,381,66,32,0.009078015170491553,0,0
186,346,89,31,0.00653394625846359,0,0
187,317,0,0,0.16809222854312694,0,0
188,305,230,137,0.0013345845094417516,0,0
189,202,169,70,0.07882226131418955,0,1
190,341,23,25,0.01138992898081991,0,0
191,199,38,168,0.013459519512233568,0,0
192,334,143,105,0.026922286985630955,0,0
193,333,76,50,0.0010839557627345473,0,0
194,371,65,54,0.0009843276593264805,0,0
195,355,131,147,0.0026304973523962397,0,0
196,250,146,81,0.0021388229918778544,0,0
197,323,152,232,0.004677336976227349,0,0
198,281,64,175,0.24589157774378934,0,0
206,276,212,271,0.7566747709909949,0,1
262,232,33,21,0.0005195016033343457,0,0
290,389,0,0,0.0164619273969608,0,0
303,298,46,53,0.02606198312748462,0,0
308,336,0,0,0.0010839557627345866,0,0
394,231,0,0,0.01826191660938976,0,0
